{"cameraMode":{"drawMode":0,"name":"Shaded","section":"Shading Mode"},"sceneLighting":false,"audioPlay":false,"sceneViewState":{"showFog":true,"showMaterialUpdate":false,"showSkybox":false,"showFlares":true,"showImageEffects":true,"showParticleSystems":true},"in2DMode":false,"pivot":{"x":275.52001953125,"y":162.4000244140625,"z":0.0},"rotation":{"x":-0.0006467778002843261,"y":0.9709033370018005,"z":-0.2394595742225647,"w":-0.002620340557768941},"size":0.008665893226861954,"orthographic":false}