{"cameraMode":{"drawMode":0,"name":"Shaded","section":"Shading Mode"},"sceneLighting":false,"audioPlay":false,"sceneViewState":{"showFog":true,"showMaterialUpdate":false,"showSkybox":false,"showFlares":true,"showImageEffects":true,"showParticleSystems":true},"in2DMode":false,"pivot":{"x":1.3379325866699219,"y":10.03499984741211,"z":1.6153620481491089},"rotation":{"x":0.3124748766422272,"y":-0.03526480495929718,"z":0.01180330291390419,"w":0.9492930173873901},"size":1.8363728523254395,"orthographic":false}