{"cameraMode":{"drawMode":0,"name":"Shaded","section":"Shading Mode"},"sceneLighting":false,"audioPlay":false,"sceneViewState":{"showFog":true,"showMaterialUpdate":false,"showSkybox":false,"showFlares":true,"showImageEffects":true,"showParticleSystems":true},"in2DMode":false,"pivot":{"x":275.52001953125,"y":162.4000244140625,"z":0.0},"rotation":{"x":-0.0016718762926757336,"y":0.9726498126983643,"z":-0.2321660816669464,"w":-0.007002133410423994},"size":0.008665919303894043,"orthographic":false}