{"cameraMode":{"drawMode":0,"name":"Shaded","section":"Shading Mode"},"sceneLighting":false,"audioPlay":false,"sceneViewState":{"showFog":true,"showMaterialUpdate":false,"showSkybox":false,"showFlares":true,"showImageEffects":true,"showParticleSystems":true},"in2DMode":false,"pivot":{"x":31.199703216552736,"y":0.0041640037670731548,"z":0.5613571405410767},"rotation":{"x":0.24498488008975984,"y":-0.004084237385541201,"z":0.0009990665130317212,"w":0.9695451855659485},"size":0.03134447708725929,"orthographic":false}