{"cameraMode":{"drawMode":0,"name":"Shaded","section":"Shading Mode"},"sceneLighting":true,"audioPlay":false,"sceneViewState":{"showFog":true,"showMaterialUpdate":false,"showSkybox":true,"showFlares":true,"showImageEffects":true,"showParticleSystems":true},"in2DMode":false,"pivot":{"x":741.8427124023438,"y":465.7950439453125,"z":0.0},"rotation":{"x":0.0014840713702142239,"y":-0.032674580812454227,"z":0.0006082493928261101,"w":0.9996726512908936},"size":650.7291870117188,"orthographic":false}