{"cameraMode":{"drawMode":0,"name":"Shaded","section":"Shading Mode"},"sceneLighting":false,"audioPlay":false,"sceneViewState":{"showFog":true,"showMaterialUpdate":false,"showSkybox":true,"showFlares":true,"showImageEffects":true,"showParticleSystems":true},"in2DMode":false,"pivot":{"x":0.027699999511241914,"y":-0.020999997854232789,"z":0.0},"rotation":{"x":0.38700154423713686,"y":0.022399675101041795,"z":-0.009404786862432957,"w":0.9217618703842163},"size":1.208660364151001,"orthographic":false}