{"cameraMode":{"drawMode":0,"name":"Shaded","section":"Shading Mode"},"sceneLighting":false,"audioPlay":false,"sceneViewState":{"showFog":true,"showMaterialUpdate":false,"showSkybox":false,"showFlares":true,"showImageEffects":true,"showParticleSystems":true},"in2DMode":false,"pivot":{"x":-0.09999999403953552,"y":-0.034999996423721316,"z":-0.013500001281499863},"rotation":{"x":0.16540029644966126,"y":0.6446037292480469,"z":-0.14536112546920777,"w":0.7322195768356323},"size":0.5183721780776978,"orthographic":false}