{"cameraMode":{"drawMode":0,"name":"Shaded","section":"Shading Mode"},"sceneLighting":false,"audioPlay":false,"sceneViewState":{"showFog":true,"showMaterialUpdate":false,"showSkybox":false,"showFlares":true,"showImageEffects":true,"showParticleSystems":true},"in2DMode":false,"pivot":{"x":6.801239013671875,"y":0.15256822109222413,"z":28.244712829589845},"rotation":{"x":0.1449356973171234,"y":0.02700023166835308,"z":-0.003986353054642677,"w":0.9890923500061035},"size":2.4829423427581789,"orthographic":false}