{"cameraMode":{"drawMode":0,"name":"Shaded","section":"Shading Mode"},"sceneLighting":false,"audioPlay":false,"sceneViewState":{"showFog":false,"showMaterialUpdate":false,"showSkybox":false,"showFlares":false,"showImageEffects":false,"showParticleSystems":false},"in2DMode":false,"pivot":{"x":0.014021255075931549,"y":-0.009534575045108796,"z":5.002175331115723},"rotation":{"x":0.28430595993995669,"y":0.08671057224273682,"z":-0.0258349422365427,"w":0.9544697403907776},"size":0.05468796193599701,"orthographic":false}