{"cameraMode":{"drawMode":0,"name":"Shaded","section":"Shading Mode"},"sceneLighting":false,"audioPlay":false,"sceneViewState":{"showFog":false,"showMaterialUpdate":false,"showSkybox":false,"showFlares":false,"showImageEffects":false,"showParticleSystems":false},"in2DMode":false,"pivot":{"x":-0.13686150312423707,"y":0.2767953872680664,"z":0.021883487701416017},"rotation":{"x":-0.0045767915435135368,"y":0.9912415146827698,"z":-0.12707267701625825,"w":-0.03570012375712395},"size":0.6709233522415161,"orthographic":false}