{"cameraMode":{"drawMode":0,"name":"Shaded","section":"Shading Mode"},"sceneLighting":false,"audioPlay":false,"sceneViewState":{"showFog":false,"showMaterialUpdate":false,"showSkybox":false,"showFlares":false,"showImageEffects":false,"showParticleSystems":false},"in2DMode":false,"pivot":{"x":1.3379325866699219,"y":0.5,"z":1.6153620481491089},"rotation":{"x":-0.004554445389658213,"y":-0.9943414926528931,"z":0.04776541888713837,"w":-0.09485191106796265},"size":0.5196152329444885,"orthographic":false}