{"cameraMode":{"drawMode":0,"name":"Shaded","section":"Shading Mode"},"sceneLighting":false,"audioPlay":false,"sceneViewState":{"showFog":false,"showMaterialUpdate":false,"showSkybox":false,"showFlares":false,"showImageEffects":false,"showParticleSystems":false},"in2DMode":false,"pivot":{"x":0.011226139962673188,"y":0.09351161122322083,"z":0.00002393871545791626},"rotation":{"x":-0.02699228748679161,"y":-0.019185293465852739,"z":0.000517986947670579,"w":-0.9994593858718872},"size":0.16105379164218903,"orthographic":false}