{"cameraMode":{"drawMode":0,"name":"Shaded","section":"Shading Mode"},"sceneLighting":false,"audioPlay":false,"sceneViewState":{"showFog":false,"showMaterialUpdate":false,"showSkybox":false,"showFlares":false,"showImageEffects":false,"showParticleSystems":false},"in2DMode":false,"pivot":{"x":-0.00238125491887331,"y":0.03645136579871178,"z":-0.0064700208604335789},"rotation":{"x":0.16277438402175904,"y":-0.0008895229548215866,"z":0.0001408623211318627,"w":0.9866743683815002},"size":0.056690268218517306,"orthographic":false}