{"cameraMode":{"drawMode":0,"name":"Shaded","section":"Shading Mode"},"sceneLighting":false,"audioPlay":false,"sceneViewState":{"showFog":false,"showMaterialUpdate":false,"showSkybox":false,"showFlares":false,"showImageEffects":false,"showParticleSystems":false},"in2DMode":false,"pivot":{"x":0.2695814371109009,"y":-0.14201903343200684,"z":0.12490010261535645},"rotation":{"x":0.06756864488124848,"y":-0.920148491859436,"z":0.1831730604171753,"w":0.3394288420677185},"size":2.2940540313720705,"orthographic":false}