{"cameraMode":{"drawMode":0,"name":"Shaded","section":"Shading Mode"},"sceneLighting":false,"audioPlay":false,"sceneViewState":{"showFog":false,"showMaterialUpdate":false,"showSkybox":false,"showFlares":false,"showImageEffects":false,"showParticleSystems":false},"in2DMode":false,"pivot":{"x":-0.00002394244074821472,"y":0.09351161122322083,"z":0.011226136237382889},"rotation":{"x":-0.18952587246894837,"y":-0.3785783052444458,"z":0.0795082375407219,"w":-0.9024757146835327},"size":0.16105379164218903,"orthographic":false}