{"cameraMode":{"drawMode":0,"name":"Shaded","section":"Shading Mode"},"sceneLighting":false,"audioPlay":false,"sceneViewState":{"showFog":false,"showMaterialUpdate":false,"showSkybox":false,"showFlares":false,"showImageEffects":false,"showParticleSystems":false},"in2DMode":false,"pivot":{"x":-0.0029898956418037416,"y":0.04164004698395729,"z":0.013571247458457947},"rotation":{"x":0.026987943798303605,"y":0.02458554320037365,"z":-0.000711426546331495,"w":0.999362587928772},"size":0.3134482800960541,"orthographic":false}