{"cameraMode":{"drawMode":0,"name":"Shaded","section":"Shading Mode"},"sceneLighting":false,"audioPlay":false,"sceneViewState":{"showFog":false,"showMaterialUpdate":false,"showSkybox":false,"showFlares":false,"showImageEffects":false,"showParticleSystems":false},"in2DMode":false,"pivot":{"x":1.3379325866699219,"y":10.050000190734864,"z":1.6153620481491089},"rotation":{"x":0.000614888034760952,"y":-0.9991822838783264,"z":0.016488147899508477,"w":0.037197183817625049},"size":0.05196118354797363,"orthographic":false}