{"cameraMode":{"drawMode":0,"name":"Shaded","section":"Shading Mode"},"sceneLighting":false,"audioPlay":false,"sceneViewState":{"showFog":false,"showMaterialUpdate":false,"showSkybox":false,"showFlares":false,"showImageEffects":false,"showParticleSystems":false},"in2DMode":false,"pivot":{"x":-0.07804751396179199,"y":0.041197776794433597,"z":0.6849455833435059},"rotation":{"x":-0.15975576639175416,"y":-0.026346949860453607,"z":0.004267237149178982,"w":-0.9867987632751465},"size":10.0,"orthographic":false}