{"cameraMode":{"drawMode":0,"name":"Shaded","section":"Shading Mode"},"sceneLighting":false,"audioPlay":false,"sceneViewState":{"showFog":false,"showMaterialUpdate":false,"showSkybox":false,"showFlares":false,"showImageEffects":false,"showParticleSystems":false},"in2DMode":false,"pivot":{"x":275.52001953125,"y":162.4000244140625,"z":0.0},"rotation":{"x":0.0027305458206683399,"y":-0.9943124055862427,"z":0.1032804325222969,"w":0.026251375675201417},"size":0.08659720420837403,"orthographic":false}