{"cameraMode":{"drawMode":0,"name":"Shaded","section":"Shading Mode"},"sceneLighting":false,"audioPlay":false,"sceneViewState":{"showFog":false,"showMaterialUpdate":false,"showSkybox":false,"showFlares":false,"showImageEffects":false,"showParticleSystems":false},"in2DMode":false,"pivot":{"x":0.000714719295501709,"y":0.040667057037353519,"z":0.013503074645996094},"rotation":{"x":0.3049143850803375,"y":-0.06080669164657593,"z":0.019502244889736177,"w":0.9502465128898621},"size":0.07071065902709961,"orthographic":false}