{"cameraMode":{"drawMode":0,"name":"Shaded","section":"Shading Mode"},"sceneLighting":false,"audioPlay":false,"sceneViewState":{"showFog":false,"showMaterialUpdate":false,"showSkybox":false,"showFlares":false,"showImageEffects":false,"showParticleSystems":false},"in2DMode":false,"pivot":{"x":0.00009542703628540039,"y":-0.0000286102294921875,"z":-0.00006246566772460938},"rotation":{"x":-0.22888422012329102,"y":0.023657282814383508,"z":-0.005563260987401009,"w":-0.9731533527374268},"size":5.054666519165039,"orthographic":false}