{"cameraMode":{"drawMode":0,"name":"Shaded","section":"Shading Mode"},"sceneLighting":true,"audioPlay":false,"sceneViewState":{"showFog":false,"showMaterialUpdate":false,"showSkybox":false,"showFlares":false,"showImageEffects":false,"showParticleSystems":false},"in2DMode":false,"pivot":{"x":-0.00238125491887331,"y":0.03645136579871178,"z":-0.0064700208604335789},"rotation":{"x":0.09616533666849137,"y":0.22986571490764619,"z":-0.02283651754260063,"w":0.9682028889656067},"size":0.056690268218517306,"orthographic":false}