{"cameraMode":{"drawMode":0,"name":"Shaded","section":"Shading Mode"},"sceneLighting":false,"audioPlay":false,"sceneViewState":{"showFog":false,"showMaterialUpdate":false,"showSkybox":false,"showFlares":false,"showImageEffects":false,"showParticleSystems":false},"in2DMode":false,"pivot":{"x":-0.004788398742675781,"y":18.702322006225587,"z":2.2452268600463869},"rotation":{"x":-0.04196370020508766,"y":-0.03415679931640625,"z":0.0014344884548336268,"w":-0.9985421299934387},"size":32.21075439453125,"orthographic":false}